{
  "id": "",
  "name": "",
  "font_family": "iconfont",
  "css_prefix_text": "icon-",
  "description": "",
  "glyphs": [
    {
      "icon_id": "76992",
      "name": "搜索",
      "font_class": "sousuo",
      "unicode": "f00d9",
      "unicode_decimal": 983257
    },
    {
      "icon_id": "107549",
      "name": "勾",
      "font_class": "gou",
      "unicode": "e63b",
      "unicode_decimal": 58939
    },
    {
      "icon_id": "485851",
      "name": "4-",
      "font_class": "4",
      "unicode": "e62e",
      "unicode_decimal": 58926
    },
    {
      "icon_id": "1071077",
      "name": "用户2",
      "font_class": "yonghu2",
      "unicode": "e67f",
      "unicode_decimal": 59007
    },
    {
      "icon_id": "1162336",
      "name": "右箭头",
      "font_class": "youjiantou",
      "unicode": "e6e0",
      "unicode_decimal": 59104
    },
    {
      "icon_id": "1319972",
      "name": "警告",
      "font_class": "jinggao",
      "unicode": "e604",
      "unicode_decimal": 58884
    },
    {
      "icon_id": "1727436",
      "name": "211铃铛-线性",
      "font_class": "lingdang-xianxing",
      "unicode": "e8c0",
      "unicode_decimal": 59584
    },
    {
      "icon_id": "1986985",
      "name": "开关轮次",
      "font_class": "kaiguanlunci",
      "unicode": "e624",
      "unicode_decimal": 58916
    },
    {
      "icon_id": "3636290",
      "name": "房子",
      "font_class": "fangzi",
      "unicode": "e501",
      "unicode_decimal": 58625
    },
    {
      "icon_id": "4175511",
      "name": "下箭头",
      "font_class": "xiajiantou",
      "unicode": "eb6d",
      "unicode_decimal": 60269
    },
    {
      "icon_id": "4570904",
      "name": "虚线",
      "font_class": "xuxian",
      "unicode": "e607",
      "unicode_decimal": 58887
    },
    {
      "icon_id": "4765727",
      "name": "info-circle",
      "font_class": "info-circle",
      "unicode": "e77e",
      "unicode_decimal": 59262
    },
    {
      "icon_id": "4786009",
      "name": "1",
      "font_class": "icon-test",
      "unicode": "e770",
      "unicode_decimal": 59248
    },
    {
      "icon_id": "4786016",
      "name": "2",
      "font_class": "icon-test1",
      "unicode": "e771",
      "unicode_decimal": 59249
    },
    {
      "icon_id": "4786017",
      "name": "3",
      "font_class": "icon-test2",
      "unicode": "e772",
      "unicode_decimal": 59250
    },
    {
      "icon_id": "5081805",
      "name": "波动",
      "font_class": "xingzhuang",
      "unicode": "e65d",
      "unicode_decimal": 58973
    },
    {
      "icon_id": "5190298",
      "name": "添加用户",
      "font_class": "tianjiayonghu",
      "unicode": "e859",
      "unicode_decimal": 59481
    },
    {
      "icon_id": "6008952",
      "name": "时间表单灰",
      "font_class": "shijianbiaodanhui",
      "unicode": "e620",
      "unicode_decimal": 58912
    },
    {
      "icon_id": "6058767",
      "name": "电表",
      "font_class": "dianbiao",
      "unicode": "e62a",
      "unicode_decimal": 58922
    },
    {
      "icon_id": "7556175",
      "name": "用户",
      "font_class": "yonghu",
      "unicode": "e603",
      "unicode_decimal": 58883
    },
    {
      "icon_id": "8023131",
      "name": "闪电",
      "font_class": "shandian",
      "unicode": "e643",
      "unicode_decimal": 58947
    },
    {
      "icon_id": "8105319",
      "name": "验证拖动按钮",
      "font_class": "yanzhengtuodonganniu",
      "unicode": "e679",
      "unicode_decimal": 59001
    },
    {
      "icon_id": "8474177",
      "name": "x",
      "font_class": "x",
      "unicode": "e6a4",
      "unicode_decimal": 59044
    },
    {
      "icon_id": "8645862",
      "name": "电表",
      "font_class": "dianbiao1",
      "unicode": "e646",
      "unicode_decimal": 58950
    },
    {
      "icon_id": "9062919",
      "name": "白领",
      "font_class": "bailing",
      "unicode": "e521",
      "unicode_decimal": 58657
    },
    {
      "icon_id": "9273208",
      "name": "放大",
      "font_class": "fangda",
      "unicode": "e666",
      "unicode_decimal": 58982
    },
    {
      "icon_id": "9874537",
      "name": "KHCFDC_头像 ",
      "font_class": "touxiang",
      "unicode": "e6de",
      "unicode_decimal": 59102
    },
    {
      "icon_id": "10800735",
      "name": "充电桩",
      "font_class": "chongdianzhuang",
      "unicode": "e60d",
      "unicode_decimal": 58893
    },
    {
      "icon_id": "11674268",
      "name": "计时",
      "font_class": "jishi",
      "unicode": "e710",
      "unicode_decimal": 59152
    },
    {
      "icon_id": "12187350",
      "name": "光伏",
      "font_class": "guangfu",
      "unicode": "e639",
      "unicode_decimal": 58937
    },
    {
      "icon_id": "12515511",
      "name": "下箭头",
      "font_class": "arrow-down",
      "unicode": "e610",
      "unicode_decimal": 58896
    },
    {
      "icon_id": "12939975",
      "name": "日历",
      "font_class": "rili",
      "unicode": "e644",
      "unicode_decimal": 58948
    },
    {
      "icon_id": "13062618",
      "name": "变压器",
      "font_class": "bianyaqi",
      "unicode": "ea80",
      "unicode_decimal": 60032
    },
    {
      "icon_id": "14112524",
      "name": "工具icon_三角形",
      "font_class": "gongjuicon_sanjiaoxing",
      "unicode": "e728",
      "unicode_decimal": 59176
    },
    {
      "icon_id": "15388859",
      "name": "智慧能源云库-84其他图标-变压器",
      "font_class": "zhihuinengyuanyunku-84qitatubiao-bianyaqi",
      "unicode": "e871",
      "unicode_decimal": 59505
    },
    {
      "icon_id": "16526794",
      "name": "充电桩",
      "font_class": "chongdianzhuang1",
      "unicode": "e653",
      "unicode_decimal": 58963
    },
    {
      "icon_id": "18166528",
      "name": "衣服,服装",
      "font_class": "clothes",
      "unicode": "e8c7",
      "unicode_decimal": 59591
    },
    {
      "icon_id": "19397521",
      "name": "XLS图标",
      "font_class": "XLStubiao",
      "unicode": "e6c5",
      "unicode_decimal": 59077
    },
    {
      "icon_id": "19758648",
      "name": "数据波动的设备",
      "font_class": "shujubodongdeshebei",
      "unicode": "e804",
      "unicode_decimal": 59396
    },
    {
      "icon_id": "19877102",
      "name": "爱心",
      "font_class": "aixin",
      "unicode": "e622",
      "unicode_decimal": 58914
    },
    {
      "icon_id": "20000266",
      "name": "左箭头",
      "font_class": "zuojiantou",
      "unicode": "e605",
      "unicode_decimal": 58885
    },
    {
      "icon_id": "20853369",
      "name": "用户日志",
      "font_class": "yonghurizhi",
      "unicode": "e6ac",
      "unicode_decimal": 59052
    },
    {
      "icon_id": "20933980",
      "name": "sp-电压监测-电压",
      "font_class": "sp-dianyajiance-dianya",
      "unicode": "ea0a",
      "unicode_decimal": 59914
    },
    {
      "icon_id": "21071438",
      "name": "国家电网标志",
      "font_class": "guojiadianwangbiaozhi",
      "unicode": "e608",
      "unicode_decimal": 58888
    },
    {
      "icon_id": "21997725",
      "name": "三角形",
      "font_class": "sanjiaoxing",
      "unicode": "e616",
      "unicode_decimal": 58902
    },
    {
      "icon_id": "22398820",
      "name": "完成用户",
      "font_class": "wanchengyonghu",
      "unicode": "e703",
      "unicode_decimal": 59139
    },
    {
      "icon_id": "23266143",
      "name": "光伏功率",
      "font_class": "guangfugongshuai",
      "unicode": "e682",
      "unicode_decimal": 59010
    },
    {
      "icon_id": "23855674",
      "name": "调度中心管理",
      "font_class": "tiaoduzhongxinguanli",
      "unicode": "e629",
      "unicode_decimal": 58921
    },
    {
      "icon_id": "25477849",
      "name": "拖动按钮",
      "font_class": "tuodonganniu",
      "unicode": "e89a",
      "unicode_decimal": 59546
    },
    {
      "icon_id": "25569235",
      "name": "负荷分析",
      "font_class": "fuhefenxi",
      "unicode": "e66e",
      "unicode_decimal": 58990
    },
    {
      "icon_id": "25654212",
      "name": "圆圈",
      "font_class": "yuanquan",
      "unicode": "e502",
      "unicode_decimal": 58626
    },
    {
      "icon_id": "27577690",
      "name": "数据监控",
      "font_class": "a-yongdianfuhezhinengganzhi3",
      "unicode": "e615",
      "unicode_decimal": 58901
    },
    {
      "icon_id": "28101954",
      "name": "开关",
      "font_class": "kaiguan",
      "unicode": "e690",
      "unicode_decimal": 59024
    }
  ]
}
