{
  "id": "",
  "name": "",
  "font_family": "iconfont",
  "css_prefix_text": "icon-",
  "description": "",
  "glyphs": [
    {
      "icon_id": "1171360",
      "name": "下键",
      "font_class": "xiajian",
      "unicode": "e604",
      "unicode_decimal": 58884
    },
    {
      "icon_id": "1256462",
      "name": "搜索",
      "font_class": "sousuo",
      "unicode": "e605",
      "unicode_decimal": 58885
    },
    {
      "icon_id": "1494660",
      "name": "右箭头",
      "font_class": "youjiantou",
      "unicode": "e608",
      "unicode_decimal": 58888
    },
    {
      "icon_id": "4789373",
      "name": "更多",
      "font_class": "gengduo",
      "unicode": "e643",
      "unicode_decimal": 58947
    },
    {
      "icon_id": "7596816",
      "name": "24gl-user",
      "font_class": "24gl-user",
      "unicode": "eb24",
      "unicode_decimal": 60196
    },
    {
      "icon_id": "9021524",
      "name": "右箭头",
      "font_class": "youjiantou1",
      "unicode": "e633",
      "unicode_decimal": 58931
    },
    {
      "icon_id": "9021537",
      "name": "左箭头",
      "font_class": "zuojiantou",
      "unicode": "e635",
      "unicode_decimal": 58933
    },
    {
      "icon_id": "10911805",
      "name": "IBM",
      "font_class": "IBM",
      "unicode": "e6f2",
      "unicode_decimal": 59122
    },
    {
      "icon_id": "24164613",
      "name": "IBM",
      "font_class": "IBM1",
      "unicode": "e60f",
      "unicode_decimal": 58895
    }
  ]
}
