{
  "id": "",
  "name": "",
  "font_family": "iconfont",
  "css_prefix_text": "icon-",
  "description": "",
  "glyphs": [
    {
      "icon_id": "1306",
      "name": "购物车空",
      "font_class": "gouwuchekong",
      "unicode": "f0179",
      "unicode_decimal": 983417
    },
    {
      "icon_id": "1029214",
      "name": "搜索",
      "font_class": "search-2-copy",
      "unicode": "e615",
      "unicode_decimal": 58901
    },
    {
      "icon_id": "6756284",
      "name": "位置",
      "font_class": "weizhi",
      "unicode": "e604",
      "unicode_decimal": 58884
    },
    {
      "icon_id": "10156319",
      "name": "意见反馈",
      "font_class": "yijianfankui",
      "unicode": "e631",
      "unicode_decimal": 58929
    },
    {
      "icon_id": "11372721",
      "name": "相机",
      "font_class": "xiangji",
      "unicode": "e8bc",
      "unicode_decimal": 59580
    },
    {
      "icon_id": "17287400",
      "name": "2斜杠2",
      "font_class": "2xiegang2",
      "unicode": "e626",
      "unicode_decimal": 58918
    },
    {
      "icon_id": "19730736",
      "name": "京东客服",
      "font_class": "jingdongkefu",
      "unicode": "e608",
      "unicode_decimal": 58888
    }
  ]
}
