{
  "id": "",
  "name": "",
  "font_family": "iconfont",
  "css_prefix_text": "icon-",
  "description": "",
  "glyphs": [
    {
      "icon_id": "1253",
      "name": "收藏",
      "font_class": "shoucang",
      "unicode": "f0144",
      "unicode_decimal": 983364
    },
    {
      "icon_id": "36497",
      "name": "评论",
      "font_class": "pinglun",
      "unicode": "f003b",
      "unicode_decimal": 983099
    },
    {
      "icon_id": "329353",
      "name": "右键",
      "font_class": "youjian",
      "unicode": "e630",
      "unicode_decimal": 58928
    },
    {
      "icon_id": "485844",
      "name": "0-",
      "font_class": "0",
      "unicode": "e627",
      "unicode_decimal": 58919
    },
    {
      "icon_id": "485845",
      "name": "1-",
      "font_class": "1",
      "unicode": "e628",
      "unicode_decimal": 58920
    },
    {
      "icon_id": "485847",
      "name": "2-",
      "font_class": "2",
      "unicode": "e62a",
      "unicode_decimal": 58922
    },
    {
      "icon_id": "485849",
      "name": "3-",
      "font_class": "3",
      "unicode": "e62c",
      "unicode_decimal": 58924
    },
    {
      "icon_id": "485851",
      "name": "4-",
      "font_class": "4",
      "unicode": "e62e",
      "unicode_decimal": 58926
    },
    {
      "icon_id": "485855",
      "name": "6-",
      "font_class": "6",
      "unicode": "e632",
      "unicode_decimal": 58930
    },
    {
      "icon_id": "630092",
      "name": "向下箭头",
      "font_class": "xiangxiajiantou",
      "unicode": "e65e",
      "unicode_decimal": 58974
    },
    {
      "icon_id": "1086165",
      "name": "购物车",
      "font_class": "gouwuche",
      "unicode": "e60f",
      "unicode_decimal": 58895
    },
    {
      "icon_id": "1216333",
      "name": "5_icon",
      "font_class": "5_icon",
      "unicode": "e655",
      "unicode_decimal": 58965
    },
    {
      "icon_id": "1311980",
      "name": "定位",
      "font_class": "dingwei",
      "unicode": "e63e",
      "unicode_decimal": 58942
    },
    {
      "icon_id": "1343893",
      "name": "主页",
      "font_class": "zhuye",
      "unicode": "e610",
      "unicode_decimal": 58896
    },
    {
      "icon_id": "1718353",
      "name": "下箭头",
      "font_class": "xiajiantou",
      "unicode": "f034e",
      "unicode_decimal": 983886
    },
    {
      "icon_id": "1849506",
      "name": "答",
      "font_class": "da",
      "unicode": "e633",
      "unicode_decimal": 58931
    },
    {
      "icon_id": "2674474",
      "name": "播放",
      "font_class": "bofang",
      "unicode": "e624",
      "unicode_decimal": 58916
    },
    {
      "icon_id": "5387527",
      "name": "加号",
      "font_class": "jiahao",
      "unicode": "eaf3",
      "unicode_decimal": 60147
    },
    {
      "icon_id": "5651349",
      "name": "爱心",
      "font_class": "aixin",
      "unicode": "e65c",
      "unicode_decimal": 58972
    },
    {
      "icon_id": "5651471",
      "name": "人民币",
      "font_class": "renminbi",
      "unicode": "e669",
      "unicode_decimal": 58985
    },
    {
      "icon_id": "6337455",
      "name": "点赞",
      "font_class": "dianzan",
      "unicode": "ec7f",
      "unicode_decimal": 60543
    },
    {
      "icon_id": "6609138",
      "name": "左键（底部TAB栏）@2x",
      "font_class": "zuojiandibuTABlanx",
      "unicode": "e653",
      "unicode_decimal": 58963
    },
    {
      "icon_id": "8243105",
      "name": "横杠",
      "font_class": "henggang1",
      "unicode": "e642",
      "unicode_decimal": 58946
    },
    {
      "icon_id": "10694050",
      "name": "问",
      "font_class": "wen",
      "unicode": "e66a",
      "unicode_decimal": 58986
    },
    {
      "icon_id": "11747399",
      "name": "房子",
      "font_class": "fangzi",
      "unicode": "e61e",
      "unicode_decimal": 58910
    },
    {
      "icon_id": "23633016",
      "name": "京东客服icon",
      "font_class": "jingdongkefuicon",
      "unicode": "e724",
      "unicode_decimal": 59172
    }
  ]
}
